"filename", "language", "Markdown", "Go Checksum File", "Properties", "Go", "YAML", "Go Module File", "JSON with Comments", "TypeScript", "TypeScript JSX", "PostCSS", "JavaScript", "JSON", "HTML", "XML", "MS SQL", "comment", "blank", "total"
"/home/anonymous/Desktop/projects/autobiography/client/README.md", "Markdown", 45, 0, 0, 0, 0, 0, 0, 0, 0, 0, 0, 0, 0, 0, 0, 0, 29, 74
"/home/anonymous/Desktop/projects/autobiography/client/components.json", "JSON", 0, 0, 0, 0, 0, 0, 0, 0, 0, 0, 0, 20, 0, 0, 0, 0, 0, 20
"/home/anonymous/Desktop/projects/autobiography/client/eslint.config.js", "JavaScript", 0, 0, 0, 0, 0, 0, 0, 0, 0, 0, 28, 0, 0, 0, 0, 0, 2, 30
"/home/anonymous/Desktop/projects/autobiography/client/index.html", "HTML", 0, 0, 0, 0, 0, 0, 0, 0, 0, 0, 0, 0, 21, 0, 0, 0, 4, 25
"/home/anonymous/Desktop/projects/autobiography/client/package-lock.json", "JSON", 0, 0, 0, 0, 0, 0, 0, 0, 0, 0, 0, 8107, 0, 0, 0, 0, 1, 8108
"/home/anonymous/Desktop/projects/autobiography/client/package.json", "JSON", 0, 0, 0, 0, 0, 0, 0, 0, 0, 0, 0, 84, 0, 0, 0, 0, 1, 85
"/home/anonymous/Desktop/projects/autobiography/client/postcss.config.js", "JavaScript", 0, 0, 0, 0, 0, 0, 0, 0, 0, 0, 6, 0, 0, 0, 0, 0, 1, 7
"/home/anonymous/Desktop/projects/autobiography/client/public/placeholder.svg", "XML", 0, 0, 0, 0, 0, 0, 0, 0, 0, 0, 0, 0, 0, 1, 0, 0, 0, 1
"/home/anonymous/Desktop/projects/autobiography/client/src/App.css", "PostCSS", 0, 0, 0, 0, 0, 0, 0, 0, 0, 37, 0, 0, 0, 0, 0, 0, 6, 43
"/home/anonymous/Desktop/projects/autobiography/client/src/App.tsx", "TypeScript JSX", 0, 0, 0, 0, 0, 0, 0, 0, 23, 0, 0, 0, 0, 0, 0, 1, 4, 28
"/home/anonymous/Desktop/projects/autobiography/client/src/components/FilterSidebar.tsx", "TypeScript JSX", 0, 0, 0, 0, 0, 0, 0, 0, 80, 0, 0, 0, 0, 0, 0, 0, 12, 92
"/home/anonymous/Desktop/projects/autobiography/client/src/components/PostCard.tsx", "TypeScript JSX", 0, 0, 0, 0, 0, 0, 0, 0, 122, 0, 0, 0, 0, 0, 0, 8, 13, 143
"/home/anonymous/Desktop/projects/autobiography/client/src/components/PostFeed.tsx", "TypeScript JSX", 0, 0, 0, 0, 0, 0, 0, 0, 74, 0, 0, 0, 0, 0, 0, 0, 5, 79
"/home/anonymous/Desktop/projects/autobiography/client/src/components/ProjectTable.tsx", "TypeScript JSX", 0, 0, 0, 0, 0, 0, 0, 0, 215, 0, 0, 0, 0, 0, 0, 0, 7, 222
"/home/anonymous/Desktop/projects/autobiography/client/src/components/SearchBar.tsx", "TypeScript JSX", 0, 0, 0, 0, 0, 0, 0, 0, 61, 0, 0, 0, 0, 0, 0, 0, 6, 67
"/home/anonymous/Desktop/projects/autobiography/client/src/components/Sidebar.tsx", "TypeScript JSX", 0, 0, 0, 0, 0, 0, 0, 0, 112, 0, 0, 0, 0, 0, 0, 0, 8, 120
"/home/anonymous/Desktop/projects/autobiography/client/src/components/UserProfile.tsx", "TypeScript JSX", 0, 0, 0, 0, 0, 0, 0, 0, 67, 0, 0, 0, 0, 0, 0, 0, 7, 74
"/home/anonymous/Desktop/projects/autobiography/client/src/components/WorkspaceHeader.tsx", "TypeScript JSX", 0, 0, 0, 0, 0, 0, 0, 0, 44, 0, 0, 0, 0, 0, 0, 0, 6, 50
"/home/anonymous/Desktop/projects/autobiography/client/src/components/ui/accordion.tsx", "TypeScript JSX", 0, 0, 0, 0, 0, 0, 0, 0, 49, 0, 0, 0, 0, 0, 0, 0, 8, 57
"/home/anonymous/Desktop/projects/autobiography/client/src/components/ui/alert-dialog.tsx", "TypeScript JSX", 0, 0, 0, 0, 0, 0, 0, 0, 126, 0, 0, 0, 0, 0, 0, 0, 14, 140
"/home/anonymous/Desktop/projects/autobiography/client/src/components/ui/alert.tsx", "TypeScript JSX", 0, 0, 0, 0, 0, 0, 0, 0, 53, 0, 0, 0, 0, 0, 0, 0, 7, 60
"/home/anonymous/Desktop/projects/autobiography/client/src/components/ui/aspect-ratio.tsx", "TypeScript JSX", 0, 0, 0, 0, 0, 0, 0, 0, 3, 0, 0, 0, 0, 0, 0, 0, 3, 6
"/home/anonymous/Desktop/projects/autobiography/client/src/components/ui/avatar.tsx", "TypeScript JSX", 0, 0, 0, 0, 0, 0, 0, 0, 43, 0, 0, 0, 0, 0, 0, 0, 6, 49
"/home/anonymous/Desktop/projects/autobiography/client/src/components/ui/badge.tsx", "TypeScript JSX", 0, 0, 0, 0, 0, 0, 0, 0, 31, 0, 0, 0, 0, 0, 0, 0, 6, 37
"/home/anonymous/Desktop/projects/autobiography/client/src/components/ui/breadcrumb.tsx", "TypeScript JSX", 0, 0, 0, 0, 0, 0, 0, 0, 105, 0, 0, 0, 0, 0, 0, 0, 11, 116
"/home/anonymous/Desktop/projects/autobiography/client/src/components/ui/button.tsx", "TypeScript JSX", 0, 0, 0, 0, 0, 0, 0, 0, 51, 0, 0, 0, 0, 0, 0, 0, 6, 57
"/home/anonymous/Desktop/projects/autobiography/client/src/components/ui/calendar.tsx", "TypeScript JSX", 0, 0, 0, 0, 0, 0, 0, 0, 60, 0, 0, 0, 0, 0, 0, 0, 5, 65
"/home/anonymous/Desktop/projects/autobiography/client/src/components/ui/card.tsx", "TypeScript JSX", 0, 0, 0, 0, 0, 0, 0, 0, 71, 0, 0, 0, 0, 0, 0, 0, 9, 80
"/home/anonymous/Desktop/projects/autobiography/client/src/components/ui/carousel.tsx", "TypeScript JSX", 0, 0, 0, 0, 0, 0, 0, 0, 231, 0, 0, 0, 0, 0, 0, 0, 30, 261
"/home/anonymous/Desktop/projects/autobiography/client/src/components/ui/chart.tsx", "TypeScript JSX", 0, 0, 0, 0, 0, 0, 0, 0, 326, 0, 0, 0, 0, 0, 0, 2, 36, 364
"/home/anonymous/Desktop/projects/autobiography/client/src/components/ui/checkbox.tsx", "TypeScript JSX", 0, 0, 0, 0, 0, 0, 0, 0, 25, 0, 0, 0, 0, 0, 0, 0, 4, 29
"/home/anonymous/Desktop/projects/autobiography/client/src/components/ui/collapsible.tsx", "TypeScript JSX", 0, 0, 0, 0, 0, 0, 0, 0, 5, 0, 0, 0, 0, 0, 0, 0, 5, 10
"/home/anonymous/Desktop/projects/autobiography/client/src/components/ui/command.tsx", "TypeScript JSX", 0, 0, 0, 0, 0, 0, 0, 0, 136, 0, 0, 0, 0, 0, 0, 0, 18, 154
"/home/anonymous/Desktop/projects/autobiography/client/src/components/ui/context-menu.tsx", "TypeScript JSX", 0, 0, 0, 0, 0, 0, 0, 0, 181, 0, 0, 0, 0, 0, 0, 0, 18, 199
"/home/anonymous/Desktop/projects/autobiography/client/src/components/ui/dialog.tsx", "TypeScript JSX", 0, 0, 0, 0, 0, 0, 0, 0, 108, 0, 0, 0, 0, 0, 0, 0, 13, 121
"/home/anonymous/Desktop/projects/autobiography/client/src/components/ui/drawer.tsx", "TypeScript JSX", 0, 0, 0, 0, 0, 0, 0, 0, 104, 0, 0, 0, 0, 0, 0, 0, 13, 117
"/home/anonymous/Desktop/projects/autobiography/client/src/components/ui/dropdown-menu.tsx", "TypeScript JSX", 0, 0, 0, 0, 0, 0, 0, 0, 181, 0, 0, 0, 0, 0, 0, 0, 18, 199
"/home/anonymous/Desktop/projects/autobiography/client/src/components/ui/form.tsx", "TypeScript JSX", 0, 0, 0, 0, 0, 0, 0, 0, 152, 0, 0, 0, 0, 0, 0, 0, 25, 177
"/home/anonymous/Desktop/projects/autobiography/client/src/components/ui/hover-card.tsx", "TypeScript JSX", 0, 0, 0, 0, 0, 0, 0, 0, 22, 0, 0, 0, 0, 0, 0, 0, 6, 28
"/home/anonymous/Desktop/projects/autobiography/client/src/components/ui/input-otp.tsx", "TypeScript JSX", 0, 0, 0, 0, 0, 0, 0, 0, 62, 0, 0, 0, 0, 0, 0, 0, 8, 70
"/home/anonymous/Desktop/projects/autobiography/client/src/components/ui/input.tsx", "TypeScript JSX", 0, 0, 0, 0, 0, 0, 0, 0, 19, 0, 0, 0, 0, 0, 0, 0, 4, 23
"/home/anonymous/Desktop/projects/autobiography/client/src/components/ui/label.tsx", "TypeScript JSX", 0, 0, 0, 0, 0, 0, 0, 0, 20, 0, 0, 0, 0, 0, 0, 0, 5, 25
"/home/anonymous/Desktop/projects/autobiography/client/src/components/ui/menubar.tsx", "TypeScript JSX", 0, 0, 0, 0, 0, 0, 0, 0, 216, 0, 0, 0, 0, 0, 0, 0, 19, 235
"/home/anonymous/Desktop/projects/autobiography/client/src/components/ui/navigation-menu.tsx", "TypeScript JSX", 0, 0, 0, 0, 0, 0, 0, 0, 117, 0, 0, 0, 0, 0, 0, 0, 12, 129
"/home/anonymous/Desktop/projects/autobiography/client/src/components/ui/pagination.tsx", "TypeScript JSX", 0, 0, 0, 0, 0, 0, 0, 0, 107, 0, 0, 0, 0, 0, 0, 0, 11, 118
"/home/anonymous/Desktop/projects/autobiography/client/src/components/ui/popover.tsx", "TypeScript JSX", 0, 0, 0, 0, 0, 0, 0, 0, 24, 0, 0, 0, 0, 0, 0, 0, 6, 30
"/home/anonymous/Desktop/projects/autobiography/client/src/components/ui/progress.tsx", "TypeScript JSX", 0, 0, 0, 0, 0, 0, 0, 0, 23, 0, 0, 0, 0, 0, 0, 0, 4, 27
"/home/anonymous/Desktop/projects/autobiography/client/src/components/ui/radio-group.tsx", "TypeScript JSX", 0, 0, 0, 0, 0, 0, 0, 0, 38, 0, 0, 0, 0, 0, 0, 0, 5, 43
"/home/anonymous/Desktop/projects/autobiography/client/src/components/ui/resizable.tsx", "TypeScript JSX", 0, 0, 0, 0, 0, 0, 0, 0, 38, 0, 0, 0, 0, 0, 0, 0, 6, 44
"/home/anonymous/Desktop/projects/autobiography/client/src/components/ui/scroll-area.tsx", "TypeScript JSX", 0, 0, 0, 0, 0, 0, 0, 0, 42, 0, 0, 0, 0, 0, 0, 0, 5, 47
"/home/anonymous/Desktop/projects/autobiography/client/src/components/ui/select.tsx", "TypeScript JSX", 0, 0, 0, 0, 0, 0, 0, 0, 145, 0, 0, 0, 0, 0, 0, 0, 14, 159
"/home/anonymous/Desktop/projects/autobiography/client/src/components/ui/separator.tsx", "TypeScript JSX", 0, 0, 0, 0, 0, 0, 0, 0, 26, 0, 0, 0, 0, 0, 0, 0, 4, 30
"/home/anonymous/Desktop/projects/autobiography/client/src/components/ui/sheet.tsx", "TypeScript JSX", 0, 0, 0, 0, 0, 0, 0, 0, 116, 0, 0, 0, 0, 0, 0, 0, 16, 132
"/home/anonymous/Desktop/projects/autobiography/client/src/components/ui/sidebar.tsx", "TypeScript JSX", 0, 0, 0, 0, 0, 0, 0, 0, 696, 0, 0, 0, 0, 0, 0, 12, 54, 762
"/home/anonymous/Desktop/projects/autobiography/client/src/components/ui/skeleton.tsx", "TypeScript JSX", 0, 0, 0, 0, 0, 0, 0, 0, 13, 0, 0, 0, 0, 0, 0, 0, 3, 16
"/home/anonymous/Desktop/projects/autobiography/client/src/components/ui/slider.tsx", "TypeScript JSX", 0, 0, 0, 0, 0, 0, 0, 0, 23, 0, 0, 0, 0, 0, 0, 0, 4, 27
"/home/anonymous/Desktop/projects/autobiography/client/src/components/ui/sonner.tsx", "TypeScript JSX", 0, 0, 0, 0, 0, 0, 0, 0, 25, 0, 0, 0, 0, 0, 0, 0, 5, 30
"/home/anonymous/Desktop/projects/autobiography/client/src/components/ui/switch.tsx", "TypeScript JSX", 0, 0, 0, 0, 0, 0, 0, 0, 24, 0, 0, 0, 0, 0, 0, 0, 4, 28
"/home/anonymous/Desktop/projects/autobiography/client/src/components/ui/table.tsx", "TypeScript JSX", 0, 0, 0, 0, 0, 0, 0, 0, 107, 0, 0, 0, 0, 0, 0, 0, 11, 118
"/home/anonymous/Desktop/projects/autobiography/client/src/components/ui/tabs.tsx", "TypeScript JSX", 0, 0, 0, 0, 0, 0, 0, 0, 47, 0, 0, 0, 0, 0, 0, 0, 7, 54
"/home/anonymous/Desktop/projects/autobiography/client/src/components/ui/textarea.tsx", "TypeScript JSX", 0, 0, 0, 0, 0, 0, 0, 0, 20, 0, 0, 0, 0, 0, 0, 0, 5, 25
"/home/anonymous/Desktop/projects/autobiography/client/src/components/ui/toast.tsx", "TypeScript JSX", 0, 0, 0, 0, 0, 0, 0, 0, 115, 0, 0, 0, 0, 0, 0, 0, 13, 128
"/home/anonymous/Desktop/projects/autobiography/client/src/components/ui/toaster.tsx", "TypeScript JSX", 0, 0, 0, 0, 0, 0, 0, 0, 31, 0, 0, 0, 0, 0, 0, 0, 3, 34
"/home/anonymous/Desktop/projects/autobiography/client/src/components/ui/toggle-group.tsx", "TypeScript JSX", 0, 0, 0, 0, 0, 0, 0, 0, 51, 0, 0, 0, 0, 0, 0, 0, 9, 60
"/home/anonymous/Desktop/projects/autobiography/client/src/components/ui/toggle.tsx", "TypeScript JSX", 0, 0, 0, 0, 0, 0, 0, 0, 38, 0, 0, 0, 0, 0, 0, 0, 6, 44
"/home/anonymous/Desktop/projects/autobiography/client/src/components/ui/tooltip.tsx", "TypeScript JSX", 0, 0, 0, 0, 0, 0, 0, 0, 22, 0, 0, 0, 0, 0, 0, 0, 7, 29
"/home/anonymous/Desktop/projects/autobiography/client/src/components/ui/use-toast.ts", "TypeScript", 0, 0, 0, 0, 0, 0, 0, 2, 0, 0, 0, 0, 0, 0, 0, 0, 2, 4
"/home/anonymous/Desktop/projects/autobiography/client/src/hooks/use-mobile.tsx", "TypeScript JSX", 0, 0, 0, 0, 0, 0, 0, 0, 15, 0, 0, 0, 0, 0, 0, 0, 5, 20
"/home/anonymous/Desktop/projects/autobiography/client/src/hooks/use-toast.ts", "TypeScript", 0, 0, 0, 0, 0, 0, 0, 159, 0, 0, 0, 0, 0, 0, 0, 2, 31, 192
"/home/anonymous/Desktop/projects/autobiography/client/src/index.css", "PostCSS", 0, 0, 0, 0, 0, 0, 0, 0, 0, 72, 0, 0, 0, 0, 0, 1, 30, 103
"/home/anonymous/Desktop/projects/autobiography/client/src/lib/utils.ts", "TypeScript", 0, 0, 0, 0, 0, 0, 0, 5, 0, 0, 0, 0, 0, 0, 0, 0, 2, 7
"/home/anonymous/Desktop/projects/autobiography/client/src/main.tsx", "TypeScript JSX", 0, 0, 0, 0, 0, 0, 0, 0, 4, 0, 0, 0, 0, 0, 0, 0, 2, 6
"/home/anonymous/Desktop/projects/autobiography/client/src/pages/Index.tsx", "TypeScript JSX", 0, 0, 0, 0, 0, 0, 0, 0, 48, 0, 0, 0, 0, 0, 0, 0, 8, 56
"/home/anonymous/Desktop/projects/autobiography/client/src/pages/NotFound.tsx", "TypeScript JSX", 0, 0, 0, 0, 0, 0, 0, 0, 23, 0, 0, 0, 0, 0, 0, 0, 5, 28
"/home/anonymous/Desktop/projects/autobiography/client/src/vite-env.d.ts", "TypeScript", 0, 0, 0, 0, 0, 0, 0, 0, 0, 0, 0, 0, 0, 0, 0, 1, 1, 2
"/home/anonymous/Desktop/projects/autobiography/client/tailwind.config.ts", "TypeScript", 0, 0, 0, 0, 0, 0, 0, 95, 0, 0, 0, 0, 0, 0, 0, 0, 2, 97
"/home/anonymous/Desktop/projects/autobiography/client/tsconfig.app.json", "JSON", 0, 0, 0, 0, 0, 0, 0, 0, 0, 0, 0, 25, 0, 0, 0, 2, 4, 31
"/home/anonymous/Desktop/projects/autobiography/client/tsconfig.json", "JSON with Comments", 0, 0, 0, 0, 0, 0, 19, 0, 0, 0, 0, 0, 0, 0, 0, 0, 1, 20
"/home/anonymous/Desktop/projects/autobiography/client/tsconfig.node.json", "JSON", 0, 0, 0, 0, 0, 0, 0, 0, 0, 0, 0, 18, 0, 0, 0, 2, 3, 23
"/home/anonymous/Desktop/projects/autobiography/client/vite.config.ts", "TypeScript", 0, 0, 0, 0, 0, 0, 0, 20, 0, 0, 0, 0, 0, 0, 0, 1, 2, 23
"/home/anonymous/Desktop/projects/autobiography/requirements.md", "Markdown", 9, 0, 0, 0, 0, 0, 0, 0, 0, 0, 0, 0, 0, 0, 0, 0, 4, 13
"/home/anonymous/Desktop/projects/autobiography/service/ database.md", "Markdown", 7, 0, 0, 0, 0, 0, 0, 0, 0, 0, 0, 0, 0, 0, 0, 0, 4, 11
"/home/anonymous/Desktop/projects/autobiography/service/auth.md", "Markdown", 55, 0, 0, 0, 0, 0, 0, 0, 0, 0, 0, 0, 0, 0, 0, 0, 31, 86
"/home/anonymous/Desktop/projects/autobiography/service/code-organization.md", "Markdown", 38, 0, 0, 0, 0, 0, 0, 0, 0, 0, 0, 0, 0, 0, 0, 0, 16, 54
"/home/anonymous/Desktop/projects/autobiography/service/db/ddl.go", "Go", 0, 0, 0, 42, 0, 0, 0, 0, 0, 0, 0, 0, 0, 0, 0, 38, 17, 97
"/home/anonymous/Desktop/projects/autobiography/service/deployment-basics.md", "Markdown", 13, 0, 0, 0, 0, 0, 0, 0, 0, 0, 0, 0, 0, 0, 0, 0, 8, 21
"/home/anonymous/Desktop/projects/autobiography/service/docker-compose.yml", "YAML", 0, 0, 0, 0, 17, 0, 0, 0, 0, 0, 0, 0, 0, 0, 0, 7, 2, 26
"/home/anonymous/Desktop/projects/autobiography/service/go.mod", "Go Module File", 0, 0, 0, 0, 0, 16, 0, 0, 0, 0, 0, 0, 0, 0, 0, 0, 4, 20
"/home/anonymous/Desktop/projects/autobiography/service/go.sum", "Go Checksum File", 0, 34, 0, 0, 0, 0, 0, 0, 0, 0, 0, 0, 0, 0, 0, 0, 1, 35
"/home/anonymous/Desktop/projects/autobiography/service/handler/MemoirPost.go", "Go", 0, 0, 0, 24, 0, 0, 0, 0, 0, 0, 0, 0, 0, 0, 0, 4, 8, 36
"/home/anonymous/Desktop/projects/autobiography/service/handler/User.go", "Go", 0, 0, 0, 105, 0, 0, 0, 0, 0, 0, 0, 0, 0, 0, 0, 14, 16, 135
"/home/anonymous/Desktop/projects/autobiography/service/handler/cookie.go", "Go", 0, 0, 0, 28, 0, 0, 0, 0, 0, 0, 0, 0, 0, 0, 0, 0, 7, 35
"/home/anonymous/Desktop/projects/autobiography/service/main.go", "Go", 0, 0, 0, 76, 0, 0, 0, 0, 0, 0, 0, 0, 0, 0, 0, 45, 23, 144
"/home/anonymous/Desktop/projects/autobiography/service/modd.conf", "Properties", 0, 0, 7, 0, 0, 0, 0, 0, 0, 0, 0, 0, 0, 0, 0, 2, 3, 12
"/home/anonymous/Desktop/projects/autobiography/service/models/postgres.go", "Go", 0, 0, 0, 34, 0, 0, 0, 0, 0, 0, 0, 0, 0, 0, 0, 3, 7, 44
"/home/anonymous/Desktop/projects/autobiography/service/models/session.go", "Go", 0, 0, 0, 83, 0, 0, 0, 0, 0, 0, 0, 0, 0, 0, 0, 7, 18, 108
"/home/anonymous/Desktop/projects/autobiography/service/models/sql/session.sql", "MS SQL", 0, 0, 0, 0, 0, 0, 0, 0, 0, 0, 0, 0, 0, 0, 5, 4, 1, 10
"/home/anonymous/Desktop/projects/autobiography/service/models/sql/users.sql", "MS SQL", 0, 0, 0, 0, 0, 0, 0, 0, 0, 0, 0, 0, 0, 0, 8, 2, 0, 10
"/home/anonymous/Desktop/projects/autobiography/service/models/users.go", "Go", 0, 0, 0, 75, 0, 0, 0, 0, 0, 0, 0, 0, 0, 0, 0, 11, 19, 105
"/home/anonymous/Desktop/projects/autobiography/service/module.md", "Markdown", 10, 0, 0, 0, 0, 0, 0, 0, 0, 0, 0, 0, 0, 0, 0, 0, 7, 17
"/home/anonymous/Desktop/projects/autobiography/service/postgres.md", "Markdown", 14, 0, 0, 0, 0, 0, 0, 0, 0, 0, 0, 0, 0, 0, 0, 0, 9, 23
"/home/anonymous/Desktop/projects/autobiography/service/rand/rand.go", "Go", 0, 0, 0, 24, 0, 0, 0, 0, 0, 0, 0, 0, 0, 0, 0, 1, 5, 30
"/home/anonymous/Desktop/projects/autobiography/service/readme.md", "Markdown", 6, 0, 0, 0, 0, 0, 0, 0, 0, 0, 0, 0, 0, 0, 0, 0, 4, 10
"/home/anonymous/Desktop/projects/autobiography/service/templates/fs.go", "Go", 0, 0, 0, 3, 0, 0, 0, 0, 0, 0, 0, 0, 0, 0, 0, 10, 3, 16
"Total", "-", 197, 34, 7, 494, 17, 16, 19, 281, 5156, 109, 34, 8254, 21, 1, 13, 180, 938, 15771